Date,Price,Open,High,Low,Vol.,Change %,day
"Mar 15, 2022",39317.00,39717.90,39886.90,38212.00,5.30K,-0.01,366.00
"Mar 14, 2022",39717.00,37777.10,39977.00,37570.00,8.05K,0.05,365.00
"Mar 13, 2022",37777.10,38816.30,39314.00,37592.00,3.42K,-0.03,364.00
"Mar 12, 2022",38816.30,38737.00,39397.00,38679.00,1.81K,0.00,363.00
"Mar 11, 2022",38737.00,39458.50,40228.00,38236.40,9.57K,-0.02,362.00
"Mar 10, 2022",39458.50,41964.00,42069.00,38646.00,6.67K,-0.06,361.00
"Mar 09, 2022",41962.30,38757.00,42593.00,38692.50,5.96K,0.08,360.00
"Mar 08, 2022",38757.00,38039.00,39385.10,37906.00,5.51K,0.02,359.00
"Mar 07, 2022",38039.00,38437.00,39559.00,37198.00,6.78K,-0.01,358.00
"Mar 06, 2022",38437.00,39408.00,39715.00,38151.00,3.37K,-0.02,357.00
"Mar 05, 2022",39408.00,39171.00,39628.00,38680.00,2.19K,0.01,356.00
"Mar 04, 2022",39171.00,42489.00,42559.00,38621.00,6.38K,-0.08,355.00
"Mar 03, 2022",42490.00,43952.00,44103.00,41862.00,3.89K,-0.03,354.00
"Mar 02, 2022",43952.00,44442.00,45326.00,43386.00,5.57K,-0.01,353.00
"Mar 01, 2022",44442.00,43202.00,44939.00,42878.00,6.34K,0.03,352.00
"Feb 28, 2022",43202.00,37734.00,44198.00,37502.00,8.45K,0.14,351.00
"Feb 27, 2022",37734.00,39137.10,39888.00,37067.10,5.48K,-0.04,350.00
"Feb 26, 2022",39125.00,39243.00,40274.00,38633.00,3.59K,0.00,349.00
"Feb 25, 2022",39243.00,38380.00,39717.00,38071.10,6.43K,0.02,348.00
"Feb 24, 2022",38380.00,37292.00,39716.00,34435.00,17.88K,0.03,347.00
"Feb 23, 2022",37292.00,38299.00,39270.00,37142.00,5.81K,-0.03,346.00
"Feb 22, 2022",38299.00,37060.90,38475.00,36404.00,6.20K,0.03,345.00
"Feb 21, 2022",37054.00,38420.00,39531.00,36829.00,8.51K,-0.04,344.00
"Feb 20, 2022",38420.00,40128.00,40164.10,38071.00,3.53K,-0.04,343.00
"Feb 19, 2022",40141.00,40037.00,40478.00,39683.00,1.46K,0.00,342.00
"Feb 18, 2022",40037.00,40559.00,40983.00,39571.00,4.68K,-0.01,341.00
"Feb 17, 2022",40556.00,43885.00,44187.60,40126.80,6.75K,-0.08,340.00
"Feb 16, 2022",43885.00,44559.90,44584.00,43382.00,3.27K,-0.02,339.00
"Feb 15, 2022",44559.90,42559.90,44762.00,42467.00,4.11K,0.05,338.00
"Feb 14, 2022",42559.90,42091.00,42852.00,41608.00,4.78K,0.01,337.00
"Feb 13, 2022",42091.00,42239.10,42760.00,41920.00,1.95K,0.00,336.00
"Feb 12, 2022",42239.10,42418.00,43028.00,41810.00,2.66K,0.00,335.00
"Feb 11, 2022",42418.00,43545.00,43965.00,42053.00,5.61K,-0.03,334.00
"Feb 10, 2022",43545.00,44432.00,45851.00,43255.00,7.33K,-0.02,333.00
"Feb 09, 2022",44432.00,44060.50,44839.60,43160.00,3.71K,0.01,332.00
"Feb 08, 2022",44060.50,43865.00,45400.00,42713.00,7.62K,0.00,331.00
"Feb 07, 2022",43865.00,42416.00,44500.00,41715.00,5.52K,0.03,330.00
"Feb 06, 2022",42423.00,41454.00,42730.00,41171.00,2.36K,0.02,329.00
"Feb 05, 2022",41454.00,41562.70,41928.00,40979.80,2.60K,0.00,328.00
"Feb 04, 2022",41562.70,37331.00,41734.00,37070.00,8.27K,0.11,327.00
"Feb 03, 2022",37331.00,36925.00,37395.00,36282.00,5.03K,0.01,326.00
"Feb 02, 2022",36925.00,38733.00,38877.00,36660.00,4.19K,-0.05,325.00
"Feb 01, 2022",38733.00,38495.00,39350.00,38039.00,4.29K,0.01,324.00
"Jan 31, 2022",38526.00,37914.40,38772.10,36683.00,4.77K,0.02,323.00
"Jan 30, 2022",37939.00,38179.90,38349.00,37398.00,2.05K,-0.01,322.00
"Jan 29, 2022",38197.00,37759.80,38696.00,37347.70,3.55K,0.01,321.00
"Jan 28, 2022",37759.80,37217.00,38041.00,36197.00,4.58K,0.01,320.00
"Jan 27, 2022",37217.00,36830.80,37248.00,35571.00,6.94K,0.01,319.00
"Jan 26, 2022",36830.80,36986.00,38901.00,36301.00,10.65K,0.00,318.00
"Jan 25, 2022",36994.00,36702.00,37545.00,35759.00,8.86K,0.01,317.00
"Jan 24, 2022",36702.00,36308.00,37460.00,32981.00,23.10K,0.01,316.00
"Jan 23, 2022",36308.00,35103.00,36550.00,34687.30,8.72K,0.03,315.00
"Jan 22, 2022",35103.00,36467.00,36816.00,34079.00,17.58K,-0.04,314.00
"Jan 21, 2022",36501.00,40740.00,41132.00,35524.00,16.22K,-0.10,313.00
"Jan 20, 2022",40740.00,41676.00,43540.60,40572.00,5.11K,-0.02,312.00
"Jan 19, 2022",41676.00,42390.00,42581.20,41180.00,6.45K,-0.02,311.00
"Jan 18, 2022",42390.00,42223.00,42682.00,41304.00,4.34K,0.00,310.00
"Jan 17, 2022",42242.00,43084.00,43191.00,41568.00,2.92K,-0.02,309.00
"Jan 16, 2022",43084.00,43069.00,43487.00,42611.80,1.58K,0.00,308.00
"Jan 15, 2022",43069.00,43091.00,43806.00,42600.00,3.20K,0.00,307.00
"Jan 14, 2022",43091.00,42562.00,43463.00,41839.00,4.31K,0.01,306.00
"Jan 13, 2022",42562.00,43909.00,44426.70,42334.00,3.74K,-0.03,305.00
"Jan 12, 2022",43909.00,42743.00,44305.00,42475.00,3.77K,0.03,304.00
"Jan 11, 2022",42743.00,41839.00,43113.00,41287.00,4.79K,0.02,303.00
"Jan 10, 2022",41839.00,41850.00,42270.00,39677.00,9.55K,0.00,302.00
"Jan 09, 2022",41850.00,41679.00,42790.00,41275.00,3.72K,0.00,301.00
"Jan 08, 2022",41679.00,41518.00,42319.00,40570.00,4.15K,0.00,300.00
"Jan 07, 2022",41518.00,43111.00,43132.00,40755.00,7.40K,-0.04,299.00
"Jan 06, 2022",43111.00,43418.00,43777.00,42487.00,3.41K,-0.01,298.00
"Jan 05, 2022",43418.00,45830.00,47056.70,42519.00,6.93K,-0.05,297.00
"Jan 04, 2022",45830.00,46445.00,47546.00,45583.00,3.79K,-0.01,296.00
"Jan 03, 2022",46445.00,47314.00,47578.00,45701.00,2.58K,-0.02,295.00
"Jan 02, 2022",47314.00,47755.00,47980.00,46698.00,1.84K,-0.01,294.00
"Jan 01, 2022",47755.00,46218.00,47954.00,46215.00,2.18K,0.03,293.00
"Dec 31, 2021",46218.00,47156.00,48589.00,45697.00,4.25K,-0.02,292.00
"Dec 30, 2021",47156.00,46465.00,47911.00,45996.00,3.20K,0.01,291.00
"Dec 29, 2021",46465.00,47554.00,48166.00,46129.00,4.12K,-0.02,290.00
"Dec 28, 2021",47554.00,50684.00,50710.00,47339.00,5.43K,-0.06,289.00
"Dec 27, 2021",50684.00,50797.00,52027.00,50483.00,3.52K,0.00,288.00
"Dec 26, 2021",50797.00,50435.20,51281.00,49473.00,2.90K,0.01,287.00
"Dec 25, 2021",50437.00,50815.00,51169.00,50209.00,1.99K,-0.01,286.00
"Dec 24, 2021",50815.00,50833.00,51834.00,50439.00,2.60K,0.00,285.00
"Dec 23, 2021",50812.00,48626.00,51376.00,48078.00,4.43K,0.05,284.00
"Dec 22, 2021",48626.00,48923.00,49575.10,48459.80,3.14K,-0.01,283.00
"Dec 21, 2021",48923.00,46898.00,49352.00,46683.00,4.71K,0.04,282.00
"Dec 20, 2021",46898.00,46716.50,47541.00,45606.00,5.65K,0.00,281.00
"Dec 19, 2021",46716.50,46879.00,48283.00,46474.90,5.24K,0.00,280.00
"Dec 18, 2021",46879.00,46193.00,47364.00,45543.50,3.74K,0.01,279.00
"Dec 17, 2021",46193.00,47675.00,48028.80,45539.00,5.86K,-0.03,278.00
"Dec 16, 2021",47675.00,48901.00,49462.10,47561.00,3.53K,-0.03,277.00
"Dec 15, 2021",48901.00,48408.00,49520.00,46602.00,7.04K,0.01,276.00
"Dec 14, 2021",48408.00,46777.00,48656.00,46356.20,5.48K,0.03,275.00
"Dec 13, 2021",46777.00,50123.00,50222.70,45790.00,8.71K,-0.07,274.00
"Dec 12, 2021",50123.00,49363.10,50800.00,48692.00,3.87K,0.02,273.00
"Dec 11, 2021",49363.10,47170.00,49510.00,46897.00,5.29K,0.05,272.00
"Dec 10, 2021",47170.00,47611.00,50105.00,47060.00,8.17K,-0.01,271.00
"Dec 09, 2021",47611.00,50503.40,50824.00,47408.00,5.28K,-0.06,270.00
"Dec 08, 2021",50503.40,50634.00,51239.00,48760.00,4.03K,0.00,269.00
"Dec 07, 2021",50634.00,50566.60,51969.00,50102.00,3.91K,0.00,268.00
"Dec 06, 2021",50566.60,49469.00,50974.00,47295.00,8.05K,0.02,267.00
"Dec 05, 2021",49469.00,49272.00,49752.00,47860.00,4.78K,0.00,266.00
"Dec 04, 2021",49272.00,53709.00,53879.00,42101.00,22.58K,-0.08,265.00
"Dec 03, 2021",53709.00,56517.00,57599.00,52062.00,10.73K,-0.05,264.00
"Dec 02, 2021",56517.00,57250.00,57389.00,55842.00,4.41K,-0.01,263.00
"Dec 01, 2021",57250.00,56938.00,59055.00,56505.00,5.18K,0.01,262.00
"Nov 30, 2021",56938.00,57845.00,59174.00,55940.00,6.47K,-0.02,261.00
"Nov 29, 2021",57845.00,57325.00,58886.00,56772.00,5.07K,0.01,260.00
"Nov 28, 2021",57325.00,54836.00,57469.00,53482.00,4.94K,0.05,259.00
"Nov 27, 2021",54836.00,53738.00,55329.00,53711.00,3.09K,0.02,258.00
"Nov 26, 2021",53738.00,58995.00,59229.00,53565.00,12.19K,-0.09,257.00
"Nov 25, 2021",58995.00,57209.00,59423.40,57070.00,3.98K,0.03,256.00
"Nov 24, 2021",57209.00,57602.00,57762.00,55916.90,4.89K,-0.01,255.00
"Nov 23, 2021",57602.00,56299.00,57866.20,55460.00,8.56K,0.02,254.00
"Nov 22, 2021",56299.00,58790.00,59407.00,55714.00,8.83K,-0.04,253.00
"Nov 21, 2021",58790.00,59739.00,60047.00,58624.00,2.44K,-0.02,252.00
"Nov 20, 2021",59739.00,58130.00,59886.00,57494.40,3.13K,0.03,251.00
"Nov 19, 2021",58130.00,56932.00,58379.00,55670.00,5.18K,0.02,250.00
"Nov 18, 2021",57014.00,60386.10,60945.00,56559.00,11.54K,-0.06,249.00
"Nov 17, 2021",60386.10,60124.00,60847.00,58427.00,6.72K,0.00,248.00
"Nov 16, 2021",60124.00,63562.00,63562.00,58708.00,13.07K,-0.05,247.00
"Nov 15, 2021",63562.00,65471.00,66320.00,63383.30,5.27K,-0.03,246.00
"Nov 14, 2021",65471.00,64406.00,65471.00,63589.00,2.19K,0.02,245.00
"Nov 13, 2021",64406.00,64137.00,64968.20,63405.00,1.87K,0.00,244.00
"Nov 12, 2021",64156.00,64801.00,65412.00,62310.00,5.12K,-0.01,243.00
"Nov 11, 2021",64801.00,64954.00,65541.00,64089.00,2.86K,0.00,242.00
"Nov 10, 2021",64954.00,66935.00,68925.00,63123.00,12.23K,-0.03,241.00
"Nov 09, 2021",66935.00,67526.00,68429.00,66343.00,6.46K,-0.01,240.00
"Nov 08, 2021",67526.00,63259.10,67665.00,63259.10,8.98K,0.07,239.00
"Nov 07, 2021",63259.10,61495.00,63279.00,61400.00,3.23K,0.03,238.00
"Nov 06, 2021",61496.00,61016.40,61583.00,60100.00,2.93K,0.01,237.00
"Nov 05, 2021",61016.40,61422.80,62598.00,60746.30,2.26K,-0.01,236.00
"Nov 04, 2021",61422.80,62904.00,63060.20,60733.00,2.93K,-0.02,235.00
"Nov 03, 2021",62904.00,63249.00,63556.00,60624.00,4.76K,-0.01,234.00
"Nov 02, 2021",63249.00,60927.00,64263.40,60661.00,5.20K,0.04,233.00
"Nov 01, 2021",60927.00,61330.00,62485.00,59595.60,4.81K,-0.01,232.00
"Oct 31, 2021",61330.00,61838.80,62414.00,60021.00,2.42K,-0.01,231.00
"Oct 30, 2021",61838.80,62235.00,62353.00,60756.00,2.24K,-0.01,230.00
"Oct 29, 2021",62235.00,60598.00,62980.00,60189.50,3.92K,0.03,229.00
"Oct 28, 2021",60598.00,58453.00,62395.00,57612.00,8.07K,0.04,228.00
"Oct 27, 2021",58453.00,60289.00,61447.70,58096.40,7.14K,-0.03,227.00
"Oct 26, 2021",60290.00,63100.00,63306.00,59852.00,4.75K,-0.04,226.00
"Oct 25, 2021",63100.00,60847.00,63666.00,60633.00,3.71K,0.04,225.00
"Oct 24, 2021",60847.00,61302.00,61471.00,59537.00,2.88K,-0.01,224.00
"Oct 23, 2021",61302.00,60708.00,61731.00,59762.00,2.71K,0.01,223.00
"Oct 22, 2021",60708.00,62200.00,63708.00,60045.00,6.35K,-0.02,222.00
"Oct 21, 2021",62200.00,65988.00,66643.00,62100.00,13.37K,-0.06,221.00
"Oct 20, 2021",65988.00,64263.00,66927.00,63536.00,9.26K,0.03,220.00
"Oct 19, 2021",64237.00,62034.00,64418.00,61441.10,9.15K,0.04,219.00
"Oct 18, 2021",62034.00,61504.00,62661.00,59948.00,8.56K,0.01,218.00
"Oct 17, 2021",61511.00,60867.50,61652.00,59073.00,5.14K,0.01,217.00
"Oct 16, 2021",60867.50,61680.00,62325.00,60175.00,4.28K,-0.01,216.00
"Oct 15, 2021",61709.00,57354.00,62897.00,56889.00,11.88K,0.08,215.00
"Oct 14, 2021",57354.00,57381.00,58473.00,56880.00,4.59K,0.00,214.00
"Oct 13, 2021",57381.00,55967.00,57758.00,54310.00,3.09K,0.03,213.00
"Oct 12, 2021",55967.00,57468.00,57633.00,54000.00,5.94K,-0.03,212.00
"Oct 11, 2021",57468.00,54701.00,57802.50,54430.00,7.51K,0.05,211.00
"Oct 10, 2021",54701.00,54978.00,56414.00,54173.00,5.84K,-0.01,210.00
"Oct 09, 2021",54978.00,53925.00,55443.70,53711.00,2.44K,0.02,209.00
"Oct 08, 2021",53925.00,53793.00,56000.00,53649.00,5.48K,0.00,208.00
"Oct 07, 2021",53793.00,55331.00,55339.00,53444.00,4.95K,-0.03,207.00
"Oct 06, 2021",55331.00,51508.00,55724.00,50448.00,10.52K,0.07,206.00
"Oct 05, 2021",51508.00,49232.00,51891.10,49065.00,6.68K,0.05,205.00
"Oct 04, 2021",49252.00,48243.00,49503.00,46951.00,6.19K,0.02,204.00
"Oct 03, 2021",48243.00,47675.00,49187.00,47124.00,3.60K,0.01,203.00
"Oct 02, 2021",47675.00,48151.00,48330.00,47459.00,2.06K,-0.01,202.00
"Oct 01, 2021",48157.00,43830.00,48454.00,43311.00,8.32K,0.10,201.00
"Sep 30, 2021",43830.00,41551.00,44107.00,41432.00,5.11K,0.05,200.00
"Sep 29, 2021",41551.00,41064.00,42591.00,40811.00,4.39K,0.01,199.00
"Sep 28, 2021",41064.00,42191.00,42777.00,40928.00,6.16K,-0.03,198.00
"Sep 27, 2021",42191.00,43220.50,44354.00,42144.00,4.26K,-0.02,197.00
"Sep 26, 2021",43180.00,42711.00,43931.00,40830.00,5.47K,0.01,196.00
"Sep 25, 2021",42711.00,42854.00,42977.00,41731.00,2.96K,0.00,195.00
"Sep 24, 2021",42878.00,44882.00,45140.00,40779.00,11.76K,-0.04,194.00
"Sep 23, 2021",44882.00,43582.60,44986.00,43121.00,5.29K,0.03,193.00
"Sep 22, 2021",43582.60,40632.50,43998.00,40607.00,8.43K,0.07,192.00
"Sep 21, 2021",40664.00,43002.00,43622.30,39678.00,14.96K,-0.05,191.00
"Sep 20, 2021",43002.00,47239.00,47323.00,42577.00,12.63K,-0.09,190.00
"Sep 19, 2021",47239.00,48309.00,48370.00,46837.00,2.28K,-0.02,189.00
"Sep 18, 2021",48309.00,47296.00,48794.00,47070.00,2.05K,0.02,188.00
"Sep 17, 2021",47292.00,47786.00,48183.00,46782.00,2.49K,-0.01,187.00
"Sep 16, 2021",47786.00,48136.00,48518.00,47080.00,3.61K,-0.01,186.00
"Sep 15, 2021",48136.00,47078.00,48440.00,46738.00,3.98K,0.02,185.00
"Sep 14, 2021",47078.00,44960.00,47235.00,44726.00,3.52K,0.05,184.00
"Sep 13, 2021",44960.00,46069.00,46823.00,43514.00,8.77K,-0.02,183.00
"Sep 12, 2021",46069.00,45169.00,46391.00,44780.10,3.39K,0.02,182.00
"Sep 11, 2021",45169.00,44852.00,45990.00,44750.00,2.54K,0.01,181.00
"Sep 10, 2021",44852.00,46389.00,47036.00,44265.10,5.18K,-0.03,180.00
"Sep 09, 2021",46389.00,46088.00,47397.00,45591.00,3.85K,0.01,179.00
"Sep 08, 2021",46088.00,46778.00,47342.40,44509.90,7.55K,-0.01,178.00
"Sep 07, 2021",46778.00,52676.00,52888.00,43347.00,16.70K,-0.11,177.00
"Sep 06, 2021",52676.00,51762.00,52709.00,51062.00,4.84K,0.02,176.00
"Sep 05, 2021",51762.00,49899.00,51900.00,49500.00,5.54K,0.04,175.00
"Sep 04, 2021",49899.00,50000.00,50529.00,49418.00,2.37K,0.00,174.00
"Sep 03, 2021",50000.00,49291.00,51032.00,48362.00,7.33K,0.01,173.00
"Sep 02, 2021",49291.00,48844.00,50365.00,48633.00,4.95K,0.01,172.00
"Sep 01, 2021",48844.00,47157.00,49102.00,46600.00,5.71K,0.04,171.00
"Aug 31, 2021",47157.00,47008.00,48241.00,46725.00,4.30K,0.00,170.00
"Aug 30, 2021",47008.00,48800.00,48915.70,46904.00,4.12K,-0.04,169.00
"Aug 29, 2021",48800.00,48914.00,49650.00,47844.00,4.05K,0.00,168.00
"Aug 28, 2021",48914.00,49076.10,49310.00,48400.00,2.30K,0.00,167.00
"Aug 27, 2021",49076.10,46832.00,49159.00,46364.90,5.80K,0.05,166.00
"Aug 26, 2021",46832.00,48989.00,49385.00,46370.70,6.48K,-0.04,165.00
"Aug 25, 2021",48989.00,47714.00,49244.00,47158.00,4.12K,0.03,164.00
"Aug 24, 2021",47714.00,49539.00,49857.00,47604.00,4.77K,-0.04,163.00
"Aug 23, 2021",49539.00,49264.00,50506.30,49055.00,5.42K,0.01,162.00
"Aug 22, 2021",49264.00,48868.00,49487.00,48121.00,2.75K,0.01,161.00
"Aug 21, 2021",48868.00,49332.00,49784.00,48290.00,3.92K,-0.01,160.00
"Aug 20, 2021",49332.00,46765.00,49362.00,46660.00,6.04K,0.05,159.00
"Aug 19, 2021",46765.00,44744.00,47060.00,43992.00,5.97K,0.05,158.00
"Aug 18, 2021",44744.00,44698.00,46007.80,44290.00,5.82K,0.00,157.00
"Aug 17, 2021",44698.00,45940.00,47157.00,44467.00,6.93K,-0.03,156.00
"Aug 16, 2021",45940.00,47031.00,48059.00,45689.00,6.06K,-0.02,155.00
"Aug 15, 2021",47031.00,47084.00,47355.00,45556.00,3.83K,0.00,154.00
"Aug 14, 2021",47084.00,47842.00,48120.00,46036.00,4.35K,-0.02,153.00
"Aug 13, 2021",47842.00,44423.00,47866.00,44276.00,7.39K,0.08,152.00
"Aug 12, 2021",44423.00,45546.00,46185.00,43789.00,5.64K,-0.02,151.00
"Aug 11, 2021",45546.00,45612.00,46725.00,45358.00,4.32K,0.00,150.00
"Aug 10, 2021",45612.00,46291.00,46674.00,44644.00,6.37K,-0.01,149.00
"Aug 09, 2021",46293.00,43770.00,46432.20,42792.00,10.72K,0.06,148.00
"Aug 08, 2021",43770.00,44589.00,45249.00,43300.00,8.16K,-0.02,147.00
"Aug 07, 2021",44589.00,42830.00,44689.20,42464.00,9.32K,0.04,146.00
"Aug 06, 2021",42830.00,40887.00,43294.00,39933.00,6.46K,0.05,145.00
"Aug 05, 2021",40887.00,39741.00,41352.00,37361.00,6.43K,0.03,144.00
"Aug 04, 2021",39754.00,38219.00,39965.00,37564.00,3.67K,0.04,143.00
"Aug 03, 2021",38207.00,39156.00,39774.00,37700.00,5.08K,-0.02,142.00
"Aug 02, 2021",39156.00,39922.00,40441.00,38716.00,4.62K,-0.02,141.00
"Aug 01, 2021",39922.00,41409.00,42532.00,39596.00,9.11K,-0.04,140.00
"Jul 31, 2021",41409.00,42169.00,42317.00,41051.00,5.07K,-0.02,139.00
"Jul 30, 2021",42169.00,40034.40,42244.00,38373.00,7.77K,0.05,138.00
"Jul 29, 2021",40041.00,40004.00,40623.00,39282.00,4.07K,0.00,137.00
"Jul 28, 2021",40004.00,39563.00,40899.00,38822.00,7.98K,0.01,136.00
"Jul 27, 2021",39563.00,37296.00,39563.00,36436.00,6.04K,0.06,135.00
"Jul 26, 2021",37296.00,35422.00,40515.60,35276.00,16.31K,0.05,134.00
"Jul 25, 2021",35407.00,34620.00,35430.00,33906.00,2.78K,0.05,133.00
"Jul 24, 2021",33845.00,33597.10,34043.00,33422.00,3.34K,0.01,132.00
"Jul 23, 2021",33597.10,32320.00,33625.30,32020.00,3.97K,0.04,131.00
"Jul 22, 2021",32320.00,32141.00,32609.70,31747.00,5.23K,0.01,130.00
"Jul 21, 2021",32141.00,29806.10,32804.00,29545.00,8.25K,0.08,129.00
"Jul 20, 2021",29806.10,30847.00,31075.00,29341.00,8.88K,-0.03,128.00
"Jul 19, 2021",30847.00,31824.00,31924.00,30514.00,12.80K,-0.03,127.00
"Jul 18, 2021",31824.00,31559.00,32427.00,31211.80,12.41K,0.01,126.00
"Jul 17, 2021",31559.00,31427.00,31975.00,31224.00,13.71K,0.00,125.00
"Jul 16, 2021",31429.00,31875.00,32266.00,31055.00,5.38K,-0.01,124.00
"Jul 15, 2021",31857.00,32822.60,33194.00,31170.00,6.96K,-0.03,123.00
"Jul 14, 2021",32822.60,32727.00,33117.00,31596.00,5.19K,0.00,122.00
"Jul 13, 2021",32727.00,33090.00,33333.00,32210.00,4.02K,-0.01,121.00
"Jul 12, 2021",33090.00,34239.00,34624.00,32616.00,8.41K,-0.03,120.00
"Jul 11, 2021",34239.00,33506.00,34584.00,33317.00,2.15K,0.02,119.00
"Jul 10, 2021",33506.00,33769.00,34221.00,33024.00,6.46K,-0.01,118.00
"Jul 09, 2021",33769.00,32873.90,34044.00,32574.00,6.66K,0.03,117.00
"Jul 08, 2021",32873.90,33886.00,33939.00,32063.00,14.29K,-0.03,116.00
"Jul 07, 2021",33886.00,34256.00,35076.00,33826.00,3.51K,-0.01,115.00
"Jul 06, 2021",34140.00,33668.00,34858.80,33668.00,8.81K,0.01,114.00
"Jul 05, 2021",33668.00,35289.00,35289.00,33479.20,7.72K,-0.05,113.00
"Jul 04, 2021",35289.00,35494.00,35782.00,35289.00,2.93K,0.02,112.00
"Jul 03, 2021",34758.00,33816.00,34762.00,33561.60,2.89K,0.03,111.00
"Jul 02, 2021",33816.00,33554.40,33924.00,32727.00,5.15K,0.01,110.00
"Jul 01, 2021",33554.40,35043.50,35043.50,32821.00,5.82K,-0.04,109.00
"Jun 30, 2021",35043.50,35895.90,35981.00,34754.00,3.45K,-0.02,108.00
"Jun 29, 2021",35895.90,34484.00,36411.00,34316.70,5.51K,0.04,107.00
"Jun 28, 2021",34484.00,34717.00,35168.00,34152.00,6.18K,-0.01,106.00
"Jun 27, 2021",34717.00,32359.00,34717.00,32359.00,28.71K,0.07,105.00
"Jun 26, 2021",32359.00,31584.70,32359.00,30331.00,20.53K,0.02,104.00
"Jun 25, 2021",31584.00,34656.60,34915.00,31584.00,37.67K,-0.09,103.00
"Jun 24, 2021",34656.60,33703.00,35137.20,32530.00,4.86K,0.03,102.00
"Jun 23, 2021",33703.00,32553.00,34196.00,32553.00,9.14K,0.04,101.00
"Jun 22, 2021",32553.00,31761.00,33300.00,29927.00,26.87K,0.02,100.00
"Jun 21, 2021",31761.00,35631.00,35631.00,31475.00,23.45K,-0.11,99.00
"Jun 20, 2021",35631.00,35585.80,35966.00,33725.00,16.93K,0.00,98.00
"Jun 19, 2021",35585.80,35802.00,36236.00,35460.00,11.57K,-0.01,97.00
"Jun 18, 2021",35802.00,38061.00,38061.00,35490.00,11.42K,-0.06,96.00
"Jun 17, 2021",38061.00,38332.00,39324.00,37733.70,3.54K,-0.01,95.00
"Jun 16, 2021",38332.00,40139.00,40394.00,38332.00,6.79K,-0.05,94.00
"Jun 15, 2021",40139.00,40509.00,40708.80,39726.00,7.78K,-0.01,93.00
"Jun 14, 2021",40500.00,39004.00,40732.00,38812.00,9.73K,0.04,92.00
"Jun 13, 2021",39004.00,35531.00,39021.10,34984.00,8.99K,0.10,91.00
"Jun 12, 2021",35531.00,37338.00,37338.00,35185.00,7.38K,-0.05,90.00
"Jun 11, 2021",37338.00,36649.20,37427.00,36342.00,6.42K,0.02,89.00
"Jun 10, 2021",36649.20,37347.00,37933.00,36559.00,9.57K,-0.02,88.00
"Jun 09, 2021",37347.00,33415.00,37490.00,32673.00,26.97K,0.12,87.00
"Jun 08, 2021",33415.00,33596.00,33744.80,31547.60,12.92K,-0.01,86.00
"Jun 07, 2021",33596.00,35782.00,36613.30,33596.00,9.97K,-0.06,85.00
"Jun 06, 2021",35782.00,35543.00,36238.00,35496.00,6.51K,0.01,84.00
"Jun 05, 2021",35543.00,36844.00,37690.30,35296.00,6.59K,-0.04,83.00
"Jun 04, 2021",36854.00,39209.00,39209.00,36532.00,5.93K,-0.06,82.00
"Jun 03, 2021",39209.00,37590.00,39209.00,37371.00,5.75K,0.04,81.00
"Jun 02, 2021",37590.00,36672.60,38053.00,36192.30,3.97K,0.03,80.00
"Jun 01, 2021",36672.60,37305.00,37624.80,35928.00,5.29K,-0.02,79.00
"May 31, 2021",37305.00,35615.00,37305.00,34527.00,5.98K,0.05,78.00
"May 30, 2021",35615.00,34570.00,36138.00,33680.00,6.02K,0.03,77.00
"May 29, 2021",34570.00,35667.00,36910.50,33681.00,7.76K,-0.03,76.00
"May 28, 2021",35667.00,38484.70,38484.70,35028.00,10.22K,-0.07,75.00
"May 27, 2021",38435.00,39301.00,40120.00,37381.00,5.55K,-0.02,74.00
"May 26, 2021",39301.00,38363.00,40497.80,38020.20,8.61K,0.02,73.00
"May 25, 2021",38363.00,38772.90,39761.00,36760.50,7.77K,-0.01,72.00
"May 24, 2021",38772.90,34730.30,39201.00,34730.30,15.13K,0.12,71.00
"May 23, 2021",34730.30,37585.00,38186.00,32623.00,25.99K,-0.08,70.00
"May 22, 2021",37585.00,37415.00,38662.00,36150.00,13.56K,0.00,69.00
"May 21, 2021",37415.00,40550.10,41500.00,35188.00,23.31K,-0.08,68.00
"May 20, 2021",40578.00,36755.00,41827.00,35198.40,25.60K,0.10,67.00
"May 19, 2021",36755.00,42935.00,42935.00,35303.40,67.82K,-0.14,66.00
"May 18, 2021",42935.00,43544.00,45474.00,42611.80,10.72K,-0.01,65.00
"May 17, 2021",43544.00,46569.00,46569.00,42304.00,37.72K,-0.07,64.00
"May 16, 2021",46582.90,46784.90,49460.00,45340.00,19.06K,0.00,63.00
"May 15, 2021",46784.90,49917.00,50526.20,46784.90,9.49K,-0.06,62.00
"May 14, 2021",49917.00,49747.00,51168.00,49289.00,6.05K,0.00,61.00
"May 13, 2021",49747.00,49725.00,51154.00,48120.60,21.16K,0.00,60.00
"May 12, 2021",49725.00,56715.00,57688.00,49725.00,14.96K,-0.12,59.00
"May 11, 2021",56715.00,55851.00,56724.00,54789.00,7.69K,0.02,58.00
"May 10, 2021",55851.00,58276.00,59454.30,55448.00,13.49K,-0.04,57.00
"May 09, 2021",58276.00,58894.00,58956.50,56977.00,8.48K,-0.01,56.00
"May 08, 2021",58894.00,57349.00,59327.00,57317.00,7.61K,0.03,55.00
"May 07, 2021",57349.00,56451.00,58101.00,55606.00,6.93K,0.02,54.00
"May 06, 2021",56451.00,57487.00,57843.00,55897.00,10.44K,-0.02,53.00
"May 05, 2021",57477.00,52960.00,57477.00,52960.00,7.66K,0.08,52.00
"May 04, 2021",53264.00,57147.00,57147.00,53264.00,10.03K,-0.07,51.00
"May 03, 2021",57147.00,56605.00,58686.00,56605.00,7.63K,0.01,50.00
"May 02, 2021",56605.00,57774.00,57774.00,56385.00,4.20K,-0.02,49.00
"May 01, 2021",57774.00,57634.70,58265.00,57259.00,4.32K,0.00,48.00
"Apr 30, 2021",57637.00,53566.00,57637.00,53339.00,7.86K,0.08,47.00
"Apr 29, 2021",53566.00,54860.00,54860.00,52631.00,7.08K,-0.02,46.00
"Apr 28, 2021",54860.00,55044.00,55575.00,54090.00,5.76K,0.00,45.00
"Apr 27, 2021",55044.00,54103.00,55215.00,53660.00,7.24K,0.02,44.00
"Apr 26, 2021",54103.00,49129.00,54214.00,49129.00,11.01K,0.10,43.00
"Apr 25, 2021",49116.30,50167.00,50539.00,48409.80,9.60K,-0.02,42.00
"Apr 24, 2021",50167.00,51139.00,51139.00,49572.00,5.98K,-0.02,41.00
"Apr 23, 2021",51139.00,51781.30,51781.30,48719.60,17.25K,-0.01,40.00
"Apr 22, 2021",51781.30,53822.00,55067.00,51781.30,12.69K,-0.04,39.00
"Apr 21, 2021",53822.00,56476.00,56476.00,53822.00,7.10K,-0.05,38.00
"Apr 20, 2021",56476.00,55639.00,56950.00,54398.00,8.39K,0.02,37.00
"Apr 19, 2021",55639.00,56173.00,57359.00,54912.80,8.57K,-0.01,36.00
"Apr 18, 2021",56163.00,59970.00,60223.00,54416.80,26.33K,-0.06,35.00
"Apr 17, 2021",59970.00,61325.00,62367.70,59970.00,7.02K,-0.02,34.00
"Apr 16, 2021",61325.00,63196.00,63453.00,60286.00,11.54K,-0.03,33.00
"Apr 15, 2021",63196.00,62907.00,63475.00,62348.00,6.61K,0.00,32.00
"Apr 14, 2021",62942.70,63518.00,64374.00,62065.00,10.93K,-0.01,31.00
"Apr 13, 2021",63518.00,59900.00,63518.00,59900.00,11.26K,0.06,30.00
"Apr 12, 2021",59900.00,60034.80,60701.00,59747.00,5.50K,0.00,29.00
"Apr 11, 2021",60034.80,59823.80,60486.00,59411.00,4.65K,0.00,28.00
"Apr 10, 2021",59823.80,58114.00,60984.00,58114.00,9.79K,0.03,27.00
"Apr 09, 2021",58114.00,58110.00,58683.00,57849.00,3.75K,0.00,26.00
"Apr 08, 2021",58110.00,55960.00,58110.00,55960.00,4.48K,0.04,25.00
"Apr 07, 2021",55960.00,57991.00,58490.00,55960.00,8.85K,-0.04,24.00
"Apr 06, 2021",57991.00,59145.00,59200.00,57603.00,5.62K,-0.02,23.00
"Apr 05, 2021",59145.00,58240.00,59145.00,57034.00,5.59K,0.02,22.00
"Apr 04, 2021",58240.00,57023.00,58240.00,57023.00,4.97K,0.02,21.00
"Apr 03, 2021",57023.00,58959.00,59499.00,57023.00,6.63K,-0.03,20.00
"Apr 02, 2021",58959.00,58727.40,59834.00,58727.40,6.15K,0.00,19.00
"Apr 01, 2021",58727.40,58796.00,59172.90,58498.00,4.35K,0.00,18.00
"Mar 31, 2021",58796.00,58841.00,59453.00,57698.00,8.12K,0.00,17.00
"Mar 30, 2021",58841.00,57672.30,59349.00,57278.00,7.87K,0.02,16.00
"Mar 29, 2021",57672.30,55773.00,58162.00,54984.00,10.12K,0.03,15.00
"Mar 28, 2021",55773.00,55886.00,56326.00,55089.00,4.21K,0.00,14.00
"Mar 27, 2021",55886.00,54992.90,56249.00,54373.00,5.18K,0.02,13.00
"Mar 26, 2021",54992.90,51363.00,54992.90,51363.00,7.71K,0.07,12.00
"Mar 25, 2021",51363.00,52347.20,52926.00,50874.00,11.59K,-0.02,11.00
"Mar 24, 2021",52347.20,54331.00,56919.00,52347.20,14.08K,-0.04,10.00
"Mar 23, 2021",54331.00,54074.00,55646.90,53541.20,6.57K,0.00,9.00
"Mar 22, 2021",54074.00,57368.00,58036.00,54074.00,8.72K,-0.06,8.00
"Mar 21, 2021",57368.00,58087.00,58499.50,56200.00,8.29K,-0.01,7.00
"Mar 20, 2021",58087.00,58074.00,59421.00,58074.00,6.78K,0.00,6.00
"Mar 19, 2021",58074.00,57640.00,58961.00,57030.00,6.48K,0.01,5.00
"Mar 18, 2021",57640.00,58870.00,59799.00,57580.00,7.24K,-0.02,4.00
"Mar 17, 2021",58870.00,56924.00,58870.00,54576.00,11.27K,0.03,3.00
"Mar 16, 2021",56924.00,55644.00,56924.00,54049.00,10.49K,0.02,2.00
"Mar 15, 2021",55644.00,59005.00,60141.10,55644.00,14.78K,-0.06,1.00
